ID,Title,Work Item Type,State,Effort,Business Value,Value Area,Tags
2,Tema 1 - Gestión de acceso y autorización de usuarios,Epic,New,,,Business,
6,Épica 1.1 - Gestión de autenticación e identidad de usuarios,Feature,New,,,Business,
176,HU 1.1.1 Registro de usuarios,Product Backlog Item,Done,5,,Business,autenticación; backend; frontend; MVP
177,Diseñar formulario de registro,Task,Done,,,,
178,Validar datos de entrada,Task,Done,,,,
179,Encriptar datos sensibles,Task,Done,,,,
180,Persistir estudiante,Task,Done,,,,
181,HU 1.1.2 Inicio de sesión,Product Backlog Item,Done,5,,Business,backend; frontend; MVP
182,Implementar endpoint de autenticación,Task,Done,,,,
183,Validar creedenciales hasheadas,Task,Done,,,,
184,Generar token de autenticación,Task,Done,,,,
185,Redirigir al usuario según rol,Task,Done,,,,
338,Diseñar formulario de inicio de sesión,Task,Done,,,,
186,HU 1.1.3 Reestablecer contraseña,Product Backlog Item,Done,5,,Business,backend; frontend; MVP
187,Implementar endpoint para recuperación de contraseña,Task,Done,,,,
188,Generar link temporal de recuperación,Task,Done,,,,
189,Notificar al usuario,Task,Done,,,,
190,Implementar endpoint de cambiar contraseña,Task,Done,,,,
191,Validar expiración de token,Task,Done,,,,
192,Persistir en base de datos,Task,Done,,,,
339,Diseño de formulario de recuperación,Task,Done,,,,
340,Diseño de formulario de cambio de contraseña,Task,Done,,,,
7,Épica 1.2 - Gestión de roles y accesos de usuarios,Feature,New,,,Business,
193,HU 1.2.1 Asignación de roles,Product Backlog Item,Done,5,,Business,backend; frontend; MVP
194,Generar endpoint de consulta de roles existentes,Task,Done,,,,
195,Generar endpoint de asignación de rol por usuario,Task,Done,,,,
197,Persistir roles y permisos en base de datos,Task,Done,,,,
198,HU 1.2.2 Acceso y privacidad en datos,Product Backlog Item,Done,5,,Business,backend; frontend; MVP
196,Implementar CRUD para roles,Task,Done,,,,
199,Guardar token de autenticación y refresh token como cookie,Task,Done,,,,
200,Implementar control de acceso al sistema basado en roles,Task,Done,,,,
201,Implementar middleware de autorización,Task,Done,,,,
203,HU 1.2.3 Acceso a rubricas de calificación,Product Backlog Item,Done,5,,Business,backend; frontend; MVP
202,Validar permisos en cada endpoint protegido,Task,Done,,,,
204,Implementar CRUD para el acceso a las rubricas de evaluación con control de acceso solo para rol de docente,Task,Done,,,,
205,Notificar al administrador cuando una rubrica desee ser dada de baja,Task,Done,,,,
206,Implementar flujo de aprobación por parte del administrador cuando un docente realice algun cambio en las rubricas,Task,Done,,,,
207,HU 1.2.4 Reportes de estudiantes,Product Backlog Item,Done,5,,Business,backend; frontend; MVP
208,Diseñar una interfaz para graficar los reportes generados,Task,Done,,,,
209,Implementar endpoints para generación de reportes estudiantiles,Task,Done,,,,
210,Generar procedimientos para la extracción de datos sumarizada,Task,Done,,,,
211,Validar acceso de rol (docente),Task,Done,,,,
3,Tema 2 - Evaluación y categorización de estudiantes,Epic,New,,,Business,
9,Épica 2.1 - Evaluación de conocimientos,Feature,New,,,Business,
212,HU 2.1.1 Desarrollo de evaluación,Product Backlog Item,New,5,,Business,MVP
213,Definir estructura de evaluación,Task,To Do,,,,
214,Presentar evaluación al estudiante,Task,To Do,,,,
215,Registrar respuestas en base de datos,Task,To Do,,,,
216,Evaluar respuestas,Task,To Do,,,,
218,HU 2.1.2 Evaluación de un tema especifico,Product Backlog Item,Approved,5,,Business,MVP
219,Definir estructura de evaluación por recurso recomendado,Task,Done,,,,
220,Presentar evaluación de seguimiento,Task,In Progress,,,,
221,Registrar respuestas,Task,Done,,,,
222,Evaluar respuestas,Task,Done,,,,
223,Comparar nivel de conocimiento actual vs inmediatamente anterior.,Task,In Progress,,,,
224,HU 2.1.3 Creación de rubricas,Product Backlog Item,Approved,5,,Business,MVP
225,Implementar CRUD para evaluaciones tecnicas,Task,In Progress,,,,
226,Validar acceso solo para rol docente,Task,To Do,,,,
227,Persistir en base de datos,Task,In Progress,,,,
10,Épica 2.2 - Asignación de categorías,Feature,New,,,Business,
228,HU 2.2.1 Asignación de categoría,Product Backlog Item,New,5,,Business,MVP
229,"Definir categorías de asignación (principiante, básico, intermedio, avanzado)",Task,To Do,,,,
230,Perparar datos de entrada para el modelo de aprendizaje supervisado,Task,To Do,,,,
231,Ejecutar modelo de categorización,Task,To Do,,,,
232,Asignar categoría a estudiante,Task,To Do,,,,
233,Persistir en base de datos,Task,To Do,,,,
234,Notificar al usuario resultados de clasificación,Task,To Do,,,,
235,HU 2.2.2 Identificación de debilidades,Product Backlog Item,New,,,Business,R2
236,Definir objetivos por categoría,Task,To Do,,,,
237,Asociar objetivos a categorías,Task,To Do,,,,
238,Permitir consulta de objetivos,Task,To Do,,,,
239,Mostrar objetivos al estudiante,Task,To Do,,,,
240,Actualizar objetivos cuando sea necesario,Task,To Do,,,,
241,HU 2.2.3 Reportes por categoría,Product Backlog Item,New,,,Business,R2
242,Consolidar datos por categoría,Task,To Do,,,,
245,Generar métricas por categoría,Task,To Do,,,,
243,Identificar áreas de mejora,Task,To Do,,,,
244,Visualizar resultados en dashboard,Task,To Do,,,,
4,Tema 3 - Personalización de recursos por categoría,Epic,New,,,Business,
12,Épica 3.1 - Administración de recursos educativos,Feature,New,,,Business,
246,HU 3.1.1 Registro de contenido acádemico,Product Backlog Item,New,,,Business,R2
247,Definir estructura de recursos educativos,Task,To Do,,,,
248,Asociar recursos a categorías,Task,To Do,,,,
249,Validar calidad de los recursos,Task,To Do,,,,
250,Actualizar información de recursos,Task,To Do,,,,
251,HU 3.1.2 Ruta de aprendizaje,Product Backlog Item,New,,,Business,R2
252,Identificar debilidades del estudiante,Task,To Do,,,,
253,Asociar recursos a debilidades,Task,To Do,,,,
254,Generar lista de recursos personalizados,Task,To Do,,,,
255,Mostrar recursos al estudiante,Task,To Do,,,,
256,Actualizar recomendaciones,Task,To Do,,,,
257,HU 3.1.3 Actualizar recursos acádemicos,Product Backlog Item,New,,,Business,R2
258,Gestionar edición de recursos,Task,To Do,,,,
259,Validar cambios en recursos,Task,To Do,,,,
260,Mantener historial de actualizaciones,Task,To Do,,,,
261,Desactivar recursos obsoletos,Task,To Do,,,,
262,HU 3.1.4 Reportes de contenido acádemico,Product Backlog Item,New,,,Business,R2
263,Consolidar calificaciones de recursos,Task,To Do,,,,
264,Identificar recursos con baja valoración,Task,To Do,,,,
265,Generar métricas de calidad,Task,To Do,,,,
266,Visualizar resultados,Task,To Do,,,,
267,Priorizar recursos a mejorar,Task,To Do,,,,
13,Épica 3.2 - Gestión de rutas de aprendizaje,Feature,New,,,Business,
268,HU 3.2.1 Actualizar rutas de aprendizaje,Product Backlog Item,New,,,Business,R3
269,Definir estructura de rutas,Task,To Do,,,,
270,Asociar recursos a rutas,Task,To Do,,,,
271,Ajustar rutas por categoría,Task,To Do,,,,
272,Validar coherencia de rutas,Task,To Do,,,,
273,Actualizar rutas existentes,Task,To Do,,,,
274,HU 3.2.2 Reportes por estudiante,Product Backlog Item,New,,,Business,R3
275,Consolidar resultados de evaluaciones,Task,To Do,,,,
276,Identificar patrones de debilidad,Task,To Do,,,,
277,Generar métricas agregadas,Task,To Do,,,,
278,Visualizar resultados,Task,To Do,,,,
279,HU 3.2.3 Recepción de ruta de aprendizaje personalizada,Product Backlog Item,New,,,Business,R2
280,Identificar intereses del estudiante,Task,To Do,,,,
281,Cruzar intereses con debilidades,Task,To Do,,,,
282,Generar recomendaciones personalizadas,Task,To Do,,,,
283,Mostrar recomendaciones,Task,To Do,,,,
284,Actualizar recomendaciones dinámicamente,Task,To Do,,,,
285,HU 3.2.4 Dar retrospectiva sobre contenido acádemico,Product Backlog Item,New,,,Business,R3
286,Permitir calificación de recursos,Task,To Do,,,,
287,Registrar calificaciones,Task,To Do,,,,
288,Validar valores de calificación,Task,To Do,,,,
289,Asociar calificación al estudiante,Task,To Do,,,,
290,Actualizar métricas de recursos,Task,To Do,,,,
5,Tema 4 - Seguimiento y retroalimentación,Epic,New,,,Business,
15,Épica 4.1 - Visualización de progreso,Feature,New,,,Business,
291,HU 4.1.1 Progreso de aprendizaje,Product Backlog Item,New,,,Business,R3
292,Registrar avance del estudiante,Task,To Do,,,,
293,Calcular progreso en la ruta,Task,To Do,,,,
294,Mostrar estado de avance,Task,To Do,,,,
295,Identificar pendientes,Task,To Do,,,,
296,Actualizar progreso dinámicamente,Task,To Do,,,,
297,HU 4.1.2 Metricas por estudiante,Product Backlog Item,New,,,Business,R3
298,Consolidar resultados de evaluaciones,Task,To Do,,,,
299,Generar métricas de desempeño,Task,To Do,,,,
300,Mostrar evolución del estudiante,Task,To Do,,,,
301,Comparar resultados históricos,Task,To Do,,,,
302,Actualizar métricas,Task,To Do,,,,
303,HU 4.1.3 Progreso de estudiantes desde Docente,Product Backlog Item,New,,,Business,R3
304,Consolidar datos de estudiantes,Task,To Do,,,,
305,Generar métricas de progreso,Task,To Do,,,,
306,Visualizar información agregada,Task,To Do,,,,
307,Filtrar por grupos o categorías,Task,To Do,,,,
16,Épica 4.2 - Retroalimentación,Feature,New,,,Business,
308,HU 4.2.1 Feedback por evaluación,Product Backlog Item,New,,,Business,R3
309,Analizar respuestas del estudiante,Task,To Do,,,,
310,Identificar errores cometidos,Task,To Do,,,,
311,Generar retroalimentación específica,Task,To Do,,,,
312,Mostrar retroalimentación al estudiante,Task,To Do,,,,
313,Actualizar retroalimentación según resultados,Task,To Do,,,,
314,HU 4.2.2 Visualización de debilidades,Product Backlog Item,New,,,Business,R3
315,Analizar resultados de evaluaciones,Task,To Do,,,,
316,Identificar áreas de mejora,Task,To Do,,,,
317,Clasificar debilidades,Task,To Do,,,,
318,Mostrar debilidades al estudiante,Task,To Do,,,,
319,Actualizar perfil del estudiante,Task,To Do,,,,
320,HU 4.2.3 Explicación de categorización,Product Backlog Item,New,,,Business,R3
321,Registrar decisiones del modelo,Task,To Do,,,,
322,Identificar variables relevantes en la clasificación,Task,To Do,,,,
323,Generar explicación de resultados,Task,To Do,,,,
324,Mostrar explicación al estudiante,Task,To Do,,,,
